{
 "actions": [],
 "allow_rename": 1,
 "creation": "2023-12-21 09:47:13.329719",
 "doctype": "DocType",
 "editable_grid": 1,
 "engine": "InnoDB",
 "field_order": [
  "asset_transfer",
  "asset_name_transfer",
  "column_break_n7me5",
  "from_employee_transfer",
  "to_employee_transfer",
  "sb_detail_reason",
  "reason_transfer"
 ],
 "fields": [
  {
   "fieldname": "asset_transfer",
   "fieldtype": "Link",
   "in_list_view": 1,
   "label": "Asset",
   "options": "CD Asset",
   "reqd": 1
  },
  {
   "fetch_from": "asset_transfer.asset_name",
   "fieldname": "asset_name_transfer",
   "fieldtype": "Data",
   "label": "Asset Name",
   "read_only": 1
  },
  {
   "fieldname": "column_break_n7me5",
   "fieldtype": "Column Break"
  },
  {
   "fieldname": "from_employee_transfer",
   "fieldtype": "Link",
   "in_list_view": 1,
   "label": "From Employee",
   "options": "Employee",
   "reqd": 1
  },
  {
   "fieldname": "to_employee_transfer",
   "fieldtype": "Link",
   "in_list_view": 1,
   "label": "To Employee",
   "options": "Employee",
   "reqd": 1
  },
  {
   "fieldname": "sb_detail_reason",
   "fieldtype": "Section Break",
   "label": "Detail Reason"
  },
  {
   "fieldname": "reason_transfer",
   "fieldtype": "Text",
   "in_list_view": 1,
   "label": "Reason",
   "reqd": 1
  }
 ],
 "index_web_pages_for_search": 1,
 "istable": 1,
 "links": [],
 "modified": "2023-12-21 09:50:56.335665",
 "modified_by": "Administrator",
 "module": "devContent",
 "name": "CD Asset Transfer",
 "owner": "Administrator",
 "permissions": [],
 "sort_field": "modified",
 "sort_order": "DESC",
 "states": [],
 "track_changes": 1,
 "track_seen": 1
}